[
  {
    "ID": 2,
    "Type": "airline",
    "Company Name": "Test Airline 1 VIETJET AIR"
  },
  {
    "ID": 3,
    "Type": "client",
    "Name": "LE ANH VU",
    "Phone Number": "0911070088",
    "Address Line 1": "5B Pho Quang, Phuong 2, Tan Binh",
    "Address Line 2": "",
    "Address Line 3": "",
    "City": "hochiminh",
    "State": "Hochiminh",
    "Zip Code": "70000",
    "Country": "Vietnam"
  },
  {
    "ID": 4,
    "Type": "flight",
    "Client_ID": 3,
    "Airline_ID": 2,
    "Date": "2025-12-26T03:08",
    "Start City": "SAIGON",
    "End City": "SINGAPORE"
  },
  {
    "ID": 6,
    "Type": "airline",
    "Company Name": "VIETNAMAIRLINE"
  },
  {
    "ID": 7,
    "Type": "client",
    "Name": "BUI HANH TAM",
    "Phone Number": "12345666",
    "Address Line 1": "170 Hoang Van Thu",
    "Address Line 2": "5b phổ quang, phường 2, tân bình, HCM",
    "Address Line 3": "",
    "City": "hochiminh",
    "State": "hochiminh",
    "Zip Code": "70000",
    "Country": "Vietnam"
  },
  {
    "ID": 8,
    "Type": "flight",
    "Client_ID": 7,
    "Airline_ID": 6,
    "Date": "2025-12-21T04:40",
    "Start City": "SAIGON",
    "End City": "HANOI"
  }
]